Title Number,Title Name
Title 1,Why Choose ReactJS For Web Development in 2023
Title 2,Lessons we can Learn from CEO Himself
Title 3,Roadmap to Master Recursion
Title 4,Top 5 Crazy AI Tools that will Blow Your Mind
Title 5,How Cache Memory Works
Title 6,5 Things to Never Say in an Interview
Title 7,Java Program to Check Duck Number
Title 8,Tester vs Developer: Roles & Responsibilties
Title 9,On Campus vs Off Campus: What is the difference?
Title 10,Titanic Survival Prediction using Tensorflow
Title 11,How to update layouts based on viewport dimesion using useViewport hook ?
Title 12,Consumer’s Equilibrium in case of Single and Two Commodity
Title 13,Difference between registering a component locally and globally
Title 14,How to use jQuery library and call functions from it ?
Title 15,Explain AngularJS Scope Life-Cycle
Title 16,What’s the difference between an Angular Component and Module?
Title 17,How can we test the AJAX code ?
Title 18,Fastest way to dulicate an array in JavaScript
Title 19,How to avoid receiving postMessages from attackers ?
Title 20,Why are CSS animations and transitions blocked by JavaScript ?
Title 21,"Return on Investment (R.O.I): Meaning, Formula, Significance, and Examples"
Title 22,"Types of Entrepreneurs: Innovating , Imitative , Fabian and Drone Entrepreneurs"
Title 23,Treatment of Different Items in Domestic Income
Title 24,What is Content Writing? 10 Best Tips for Great Content Writing
Title 25,"Queries to check if traversal is possible from (1,1) to (2, N)"
Title 26,Complete Interview Preparation Course
Title 27,Master Data Science & ML
Title 28,System Design- Live Classes
